{"cameraMode":{"drawMode":0,"name":"Shaded","section":"Shading Mode"},"sceneLighting":false,"audioPlay":false,"sceneViewState":{"m_AlwaysRefresh":false,"showFog":true,"showSkybox":false,"showFlares":true,"showImageEffects":true,"showParticleSystems":true,"showVisualEffectGraphs":true,"m_FxEnabled":true},"in2DMode":false,"pivot":{"x":-0.0008959174156188965,"y":0.3656884431838989,"z":-5.960464477539063e-8},"rotation":{"x":-0.09450868517160416,"y":-0.850854754447937,"z":0.16407965123653413,"w":-0.49011164903640749},"size":1.7472742795944214,"orthographic":false}