{"cameraMode":{"drawMode":0,"name":"Shaded","section":"Shading Mode"},"sceneLighting":false,"audioPlay":false,"sceneViewState":{"m_AlwaysRefresh":false,"showFog":true,"showSkybox":false,"showFlares":true,"showImageEffects":true,"showParticleSystems":true,"showVisualEffectGraphs":true,"m_FxEnabled":true},"in2DMode":false,"pivot":{"x":-2.8452811241149904,"y":-0.37038272619247439,"z":3.0427989959716799},"rotation":{"x":0.05511677265167236,"y":-0.7296981811523438,"z":0.059234973043203357,"w":0.6789639592170715},"size":3.6290383338928224,"orthographic":false}