{"cameraMode":{"drawMode":0,"name":"Shaded","section":"Shading Mode"},"sceneLighting":true,"audioPlay":false,"sceneViewState":{"m_AlwaysRefresh":false,"showFog":true,"showSkybox":true,"showFlares":true,"showImageEffects":true,"showParticleSystems":true,"showVisualEffectGraphs":true,"m_FxEnabled":true},"in2DMode":false,"pivot":{"x":137.77175903320313,"y":36.312992095947269,"z":21.740734100341798},"rotation":{"x":-0.014941615983843804,"y":0.984255313873291,"z":-0.14303505420684815,"w":-0.10280172526836395},"size":12.518013954162598,"orthographic":false}