{"cameraMode":{"drawMode":0,"name":"Shaded","section":"Shading Mode"},"sceneLighting":true,"audioPlay":false,"sceneViewState":{"m_AlwaysRefresh":false,"showFog":true,"showSkybox":true,"showFlares":true,"showImageEffects":true,"showParticleSystems":true,"showVisualEffectGraphs":true,"m_FxEnabled":true},"in2DMode":false,"pivot":{"x":496.2662658691406,"y":122.02595520019531,"z":-107.27513885498047},"rotation":{"x":0.007292407099157572,"y":0.9885538220405579,"z":-0.14183516800403596,"w":0.05141785368323326},"size":68.68659973144531,"orthographic":false}